What level of study are you interested in?,What is your preferred programmes?,What is you preferred campus?,What is you preferred intake year,What is you preferred intake month?
Diploma,Diploma in Information Technology,UNITAR College Ipoh,2026,May
Diploma,Diploma in Information Technology,UNITAR College Ipoh,2026,September
Diploma,Diploma in Information Technology,UNITAR College Ipoh,2027,January
Diploma,Diploma in Information Technology,UNITAR College Ipoh,2027,May
Diploma,Diploma in Information Technology,UNITAR College Ipoh,2027,September
Diploma,Diploma in Information Technology,UNITAR College Johor Bahru,2026,May
Diploma,Diploma in Information Technology,UNITAR College Johor Bahru,2026,September
Diploma,Diploma in Information Technology,UNITAR College Johor Bahru,2027,January
Diploma,Diploma in Information Technology,UNITAR College Johor Bahru,2027,May
Diploma,Diploma in Information Technology,UNITAR College Johor Bahru,2027,September
Diploma,Diploma in Early Childhood Education,UNITAR College Ipoh,2026,May
Diploma,Diploma in Early Childhood Education,UNITAR College Ipoh,2026,September
Diploma,Diploma in Early Childhood Education,UNITAR College Ipoh,2027,January
Diploma,Diploma in Early Childhood Education,UNITAR College Ipoh,2027,May
Diploma,Diploma in Early Childhood Education,UNITAR College Ipoh,2027,September
Diploma,Diploma in Early Childhood Education,UNITAR College Johor Bahru,2026,May
Diploma,Diploma in Early Childhood Education,UNITAR College Johor Bahru,2026,September
Diploma,Diploma in Early Childhood Education,UNITAR College Johor Bahru,2027,January
Diploma,Diploma in Early Childhood Education,UNITAR College Johor Bahru,2027,May
Diploma,Diploma in Early Childhood Education,UNITAR College Johor Bahru,2027,September
Diploma,Diploma in Early Childhood Education,UNITAR College Kota Bharu,2026,May
Diploma,Diploma in Early Childhood Education,UNITAR College Kota Bharu,2026,September
Diploma,Diploma in Early Childhood Education,UNITAR College Kota Bharu,2027,January
Diploma,Diploma in Early Childhood Education,UNITAR College Kota Bharu,2027,May
Diploma,Diploma in Early Childhood Education,UNITAR College Kota Bharu,2027,September
Diploma,Diploma in Early Childhood Education,UNITAR College Kota Kinabalu,2026,May
Diploma,Diploma in Early Childhood Education,UNITAR College Kota Kinabalu,2026,September
Diploma,Diploma in Early Childhood Education,UNITAR College Kota Kinabalu,2027,January
Diploma,Diploma in Early Childhood Education,UNITAR College Kota Kinabalu,2027,May
Diploma,Diploma in Early Childhood Education,UNITAR College Kota Kinabalu,2027,September
Diploma,Diploma in Early Childhood Education,UNITAR College Kuala Terengganu,2026,May
Diploma,Diploma in Early Childhood Education,UNITAR College Kuala Terengganu,2026,September
Diploma,Diploma in Early Childhood Education,UNITAR College Kuala Terengganu,2027,January
Diploma,Diploma in Early Childhood Education,UNITAR College Kuala Terengganu,2027,May
Diploma,Diploma in Early Childhood Education,UNITAR College Kuala Terengganu,2027,September
Diploma,Diploma in Early Childhood Education,UNITAR College Kuantan,2026,May
Diploma,Diploma in Early Childhood Education,UNITAR College Kuantan,2026,September
Diploma,Diploma in Early Childhood Education,UNITAR College Kuantan,2027,January
Diploma,Diploma in Early Childhood Education,UNITAR College Kuantan,2027,May
Diploma,Diploma in Early Childhood Education,UNITAR College Kuantan,2027,September
Diploma,Diploma in Business Management,UNITAR College Ipoh,2026,May
Diploma,Diploma in Business Management,UNITAR College Ipoh,2026,September
Diploma,Diploma in Business Management,UNITAR College Ipoh,2027,January
Diploma,Diploma in Business Management,UNITAR College Ipoh,2027,May
Diploma,Diploma in Business Management,UNITAR College Ipoh,2027,September
Diploma,Diploma in Business Management,UNITAR College Johor Bahru,2026,May
Diploma,Diploma in Business Management,UNITAR College Johor Bahru,2026,September
Diploma,Diploma in Business Management,UNITAR College Johor Bahru,2027,January
Diploma,Diploma in Business Management,UNITAR College Johor Bahru,2027,May
Diploma,Diploma in Business Management,UNITAR College Johor Bahru,2027,September
Diploma,Diploma in Business Management,UNITAR College Kota Kinabalu,2026,May
Diploma,Diploma in Business Management,UNITAR College Kota Kinabalu,2026,September
Diploma,Diploma in Business Management,UNITAR College Kota Kinabalu,2027,January
Diploma,Diploma in Business Management,UNITAR College Kota Kinabalu,2027,May
Diploma,Diploma in Business Management,UNITAR College Kota Kinabalu,2027,September
Certificate,Certificate in Business Management,UNITAR College Kuantan,2026,May
Certificate,Certificate in Business Management,UNITAR College Kuantan,2026,September
Certificate,Certificate in Business Management,UNITAR College Kuantan,2027,January
Certificate,Certificate in Business Management,UNITAR College Kuantan,2027,May
Certificate,Certificate in Business Management,UNITAR College Kuantan,2027,September
Diploma,Diploma in Hotel Management,UNITAR College Kota Kinabalu,2026,May
Diploma,Diploma in Hotel Management,UNITAR College Kota Kinabalu,2026,September
Diploma,Diploma in Hotel Management,UNITAR College Kota Kinabalu,2027,January
Diploma,Diploma in Hotel Management,UNITAR College Kota Kinabalu,2027,May
Diploma,Diploma in Hotel Management,UNITAR College Kota Kinabalu,2027,September
Certificate,Certificate in Business Management,UNITAR College Ipoh,2026,May
Certificate,Certificate in Business Management,UNITAR College Ipoh,2026,September
Certificate,Certificate in Business Management,UNITAR College Ipoh,2027,January
Certificate,Certificate in Business Management,UNITAR College Ipoh,2027,May
Certificate,Certificate in Business Management,UNITAR College Ipoh,2027,September
Certificate,Certificate in Business Management,UNITAR College Johor Bahru,2026,May
Certificate,Certificate in Business Management,UNITAR College Johor Bahru,2026,September
Certificate,Certificate in Business Management,UNITAR College Johor Bahru,2027,January
Certificate,Certificate in Business Management,UNITAR College Johor Bahru,2027,May
Certificate,Certificate in Business Management,UNITAR College Johor Bahru,2027,September
Certificate,Certificate in Business Management,UNITAR College Kota Kinabalu,2026,May
Certificate,Certificate in Business Management,UNITAR College Kota Kinabalu,2026,September
Certificate,Certificate in Business Management,UNITAR College Kota Kinabalu,2027,January
Certificate,Certificate in Business Management,UNITAR College Kota Kinabalu,2027,May
Certificate,Certificate in Business Management,UNITAR College Kota Kinabalu,2027,September
Diploma,Diploma in Computer Graphic Design,UNITAR College Kuala Terengganu,2026,May
Diploma,Diploma in Computer Graphic Design,UNITAR College Kuala Terengganu,2026,September
Diploma,Diploma in Computer Graphic Design,UNITAR College Kuala Terengganu,2027,January
Diploma,Diploma in Computer Graphic Design,UNITAR College Kuala Terengganu,2027,May
Diploma,Diploma in Computer Graphic Design,UNITAR College Kuala Terengganu,2027,September
Certificate,Certificate in Business Management,UNITAR College Kuching,2026,May
Certificate,Certificate in Business Management,UNITAR College Kuching,2026,September
Certificate,Certificate in Business Management,UNITAR College Kuching,2027,January
Certificate,Certificate in Business Management,UNITAR College Kuching,2027,May
Certificate,Certificate in Business Management,UNITAR College Kuching,2027,September
Certificate,Certificate in Business Management,UNITAR College Melaka,2026,May
Certificate,Certificate in Business Management,UNITAR College Melaka,2026,September
Certificate,Certificate in Business Management,UNITAR College Melaka,2027,January
Certificate,Certificate in Business Management,UNITAR College Melaka,2027,May
Certificate,Certificate in Business Management,UNITAR College Melaka,2027,September
Diploma,Diploma in Computer Graphic Design,UNITAR College Ipoh,2026,May
Diploma,Diploma in Computer Graphic Design,UNITAR College Ipoh,2026,September
Diploma,Diploma in Computer Graphic Design,UNITAR College Ipoh,2027,January
Diploma,Diploma in Computer Graphic Design,UNITAR College Ipoh,2027,May
Diploma,Diploma in Computer Graphic Design,UNITAR College Ipoh,2027,September
Diploma,Diploma in Computer Graphic Design,UNITAR College Kota Bharu,2026,May
Diploma,Diploma in Computer Graphic Design,UNITAR College Kota Bharu,2026,September
Diploma,Diploma in Computer Graphic Design,UNITAR College Kota Bharu,2027,January
Diploma,Diploma in Computer Graphic Design,UNITAR College Kota Bharu,2027,May
Diploma,Diploma in Computer Graphic Design,UNITAR College Kota Bharu,2027,September
Diploma,Diploma in Computer Graphic Design,UNITAR College Kota Kinabalu,2026,May
Diploma,Diploma in Computer Graphic Design,UNITAR College Kota Kinabalu,2026,September
Diploma,Diploma in Computer Graphic Design,UNITAR College Kota Kinabalu,2027,January
Diploma,Diploma in Computer Graphic Design,UNITAR College Kota Kinabalu,2027,May
Diploma,Diploma in Computer Graphic Design,UNITAR College Kota Kinabalu,2027,September
Diploma,Diploma in E-Business,UNITAR College Kuantan,2026,May
Diploma,Diploma in E-Business,UNITAR College Kuantan,2026,September
Diploma,Diploma in E-Business,UNITAR College Kuantan,2027,January
Diploma,Diploma in E-Business,UNITAR College Kuantan,2027,May
Diploma,Diploma in E-Business,UNITAR College Kuantan,2027,September
Diploma,Diploma in Computer Graphic Design,UNITAR College Kuching,2026,May
Diploma,Diploma in Computer Graphic Design,UNITAR College Kuching,2026,September
Diploma,Diploma in Computer Graphic Design,UNITAR College Kuching,2027,January
Diploma,Diploma in Computer Graphic Design,UNITAR College Kuching,2027,May
Diploma,Diploma in Computer Graphic Design,UNITAR College Kuching,2027,September
Diploma,Diploma in Computer Graphic Design,UNITAR College Melaka,2026,May
Diploma,Diploma in Computer Graphic Design,UNITAR College Melaka,2026,September
Diploma,Diploma in Computer Graphic Design,UNITAR College Melaka,2027,January
Diploma,Diploma in Computer Graphic Design,UNITAR College Melaka,2027,May
Diploma,Diploma in Computer Graphic Design,UNITAR College Melaka,2027,September
Diploma,Diploma in E-Secretaryship,UNITAR College Ipoh,2026,May
Diploma,Diploma in E-Secretaryship,UNITAR College Ipoh,2026,September
Diploma,Diploma in E-Secretaryship,UNITAR College Ipoh,2027,January
Diploma,Diploma in E-Secretaryship,UNITAR College Ipoh,2027,May
Diploma,Diploma in E-Secretaryship,UNITAR College Ipoh,2027,September
Diploma,Diploma in Computer Graphic Design,UNITAR College Johor Bahru,2026,May
Diploma,Diploma in Computer Graphic Design,UNITAR College Johor Bahru,2026,September
Diploma,Diploma in Computer Graphic Design,UNITAR College Johor Bahru,2027,January
Diploma,Diploma in Computer Graphic Design,UNITAR College Johor Bahru,2027,May
Diploma,Diploma in Computer Graphic Design,UNITAR College Johor Bahru,2027,September
Diploma,Diploma in E-Secretaryship,UNITAR College Johor Bahru,2026,May
Diploma,Diploma in E-Secretaryship,UNITAR College Johor Bahru,2026,September
Diploma,Diploma in E-Secretaryship,UNITAR College Johor Bahru,2027,January
Diploma,Diploma in E-Secretaryship,UNITAR College Johor Bahru,2027,May
Diploma,Diploma in E-Secretaryship,UNITAR College Johor Bahru,2027,September
Diploma,Diploma in E-Secretaryship,UNITAR College Kota Bharu,2026,May
Diploma,Diploma in E-Secretaryship,UNITAR College Kota Bharu,2026,September
Diploma,Diploma in E-Secretaryship,UNITAR College Kota Bharu,2027,January
Diploma,Diploma in E-Secretaryship,UNITAR College Kota Bharu,2027,May
Diploma,Diploma in E-Secretaryship,UNITAR College Kota Bharu,2027,September
Diploma,Diploma in E-Secretaryship,UNITAR College Kota Kinabalu,2026,May
Diploma,Diploma in E-Secretaryship,UNITAR College Kota Kinabalu,2026,September
Diploma,Diploma in E-Secretaryship,UNITAR College Kota Kinabalu,2027,January
Diploma,Diploma in E-Secretaryship,UNITAR College Kota Kinabalu,2027,May
Diploma,Diploma in E-Secretaryship,UNITAR College Kota Kinabalu,2027,September
Diploma,Diploma in Business Management,UNITAR College Kuala Terengganu,2026,May
Diploma,Diploma in Business Management,UNITAR College Kuala Terengganu,2026,September
Diploma,Diploma in Business Management,UNITAR College Kuala Terengganu,2027,January
Diploma,Diploma in Business Management,UNITAR College Kuala Terengganu,2027,May
Diploma,Diploma in Business Management,UNITAR College Kuala Terengganu,2027,September
Diploma,Diploma in E-Secretaryship,UNITAR College Kuala Terengganu,2026,May
Diploma,Diploma in E-Secretaryship,UNITAR College Kuala Terengganu,2026,September
Diploma,Diploma in E-Secretaryship,UNITAR College Kuala Terengganu,2027,January
Diploma,Diploma in E-Secretaryship,UNITAR College Kuala Terengganu,2027,May
Diploma,Diploma in E-Secretaryship,UNITAR College Kuala Terengganu,2027,September
Diploma,Diploma in E-Secretaryship,UNITAR College Kuantan,2026,May
Diploma,Diploma in E-Secretaryship,UNITAR College Kuantan,2026,September
Diploma,Diploma in E-Secretaryship,UNITAR College Kuantan,2027,January
Diploma,Diploma in E-Secretaryship,UNITAR College Kuantan,2027,May
Diploma,Diploma in E-Secretaryship,UNITAR College Kuantan,2027,September
Diploma,Diploma in Early Childhood Education,UNITAR College Kuching,2026,May
Diploma,Diploma in Early Childhood Education,UNITAR College Kuching,2026,September
Diploma,Diploma in Early Childhood Education,UNITAR College Kuching,2027,January
Diploma,Diploma in Early Childhood Education,UNITAR College Kuching,2027,May
Diploma,Diploma in Early Childhood Education,UNITAR College Kuching,2027,September
Diploma,Diploma in Business Management,UNITAR College Kuching,2026,May
Diploma,Diploma in Business Management,UNITAR College Kuching,2026,September
Diploma,Diploma in Business Management,UNITAR College Kuching,2027,January
Diploma,Diploma in Business Management,UNITAR College Kuching,2027,May
Diploma,Diploma in Business Management,UNITAR College Kuching,2027,September
Diploma,Diploma in E-Secretaryship,UNITAR College Kuching,2026,May
Diploma,Diploma in E-Secretaryship,UNITAR College Kuching,2026,September
Diploma,Diploma in E-Secretaryship,UNITAR College Kuching,2027,January
Diploma,Diploma in E-Secretaryship,UNITAR College Kuching,2027,May
Diploma,Diploma in E-Secretaryship,UNITAR College Kuching,2027,September
Diploma,Diploma in Early Childhood Education,UNITAR College Melaka,2026,May
Diploma,Diploma in Early Childhood Education,UNITAR College Melaka,2026,September
Diploma,Diploma in Early Childhood Education,UNITAR College Melaka,2027,January
Diploma,Diploma in Early Childhood Education,UNITAR College Melaka,2027,May
Diploma,Diploma in Early Childhood Education,UNITAR College Melaka,2027,September
Diploma,Diploma in Information Technology,UNITAR College Melaka,2026,May
Diploma,Diploma in Information Technology,UNITAR College Melaka,2026,September
Diploma,Diploma in Information Technology,UNITAR College Melaka,2027,January
Diploma,Diploma in Information Technology,UNITAR College Melaka,2027,May
Diploma,Diploma in Information Technology,UNITAR College Melaka,2027,September
Diploma,Diploma in E-Business,UNITAR College Melaka,2026,May
Diploma,Diploma in E-Business,UNITAR College Melaka,2026,September
Diploma,Diploma in E-Business,UNITAR College Melaka,2027,January
Diploma,Diploma in E-Business,UNITAR College Melaka,2027,May
Diploma,Diploma in E-Business,UNITAR College Melaka,2027,September
Diploma,Diploma in E-Secretaryship,UNITAR College Melaka,2026,May
Diploma,Diploma in E-Secretaryship,UNITAR College Melaka,2026,September
Diploma,Diploma in E-Secretaryship,UNITAR College Melaka,2027,January
Diploma,Diploma in E-Secretaryship,UNITAR College Melaka,2027,May
Diploma,Diploma in E-Secretaryship,UNITAR College Melaka,2027,September
Diploma,Diploma in Multimedia Application,UNITAR College Ipoh,2026,May
Diploma,Diploma in Multimedia Application,UNITAR College Ipoh,2026,September
Diploma,Diploma in Multimedia Application,UNITAR College Ipoh,2027,January
Diploma,Diploma in Multimedia Application,UNITAR College Ipoh,2027,May
Diploma,Diploma in Multimedia Application,UNITAR College Ipoh,2027,September
Diploma,Diploma in Business Management,UNITAR College Kota Bharu,2026,May
Diploma,Diploma in Business Management,UNITAR College Kota Bharu,2026,September
Diploma,Diploma in Business Management,UNITAR College Kota Bharu,2027,January
Diploma,Diploma in Business Management,UNITAR College Kota Bharu,2027,May
Diploma,Diploma in Business Management,UNITAR College Kota Bharu,2027,September
Diploma,Diploma in Information Technology,UNITAR College Kota Bharu,2026,May
Diploma,Diploma in Information Technology,UNITAR College Kota Bharu,2026,September
Diploma,Diploma in Information Technology,UNITAR College Kota Bharu,2027,January
Diploma,Diploma in Information Technology,UNITAR College Kota Bharu,2027,May
Diploma,Diploma in Information Technology,UNITAR College Kota Bharu,2027,September
Diploma,Diploma in Multimedia Application,UNITAR College Kota Bharu,2026,May
Diploma,Diploma in Multimedia Application,UNITAR College Kota Bharu,2026,September
Diploma,Diploma in Multimedia Application,UNITAR College Kota Bharu,2027,January
Diploma,Diploma in Multimedia Application,UNITAR College Kota Bharu,2027,May
Diploma,Diploma in Multimedia Application,UNITAR College Kota Bharu,2027,September
Bachelor,Bachelor in Accounting (Honours),UNITAR International University (Main Campus),2026,May
Bachelor,Bachelor in Accounting (Honours),UNITAR International University (Main Campus),2026,September
Bachelor,Bachelor in Accounting (Honours),UNITAR International University (Main Campus),2027,January
Bachelor,Bachelor in Accounting (Honours),UNITAR International University (Main Campus),2027,May
Bachelor,Bachelor in Accounting (Honours),UNITAR International University (Main Campus),2027,September
Bachelor,Bachelor in Accounting (Honours) - Online,UNITAR International University (Main Campus),2026,May
Bachelor,Bachelor in Accounting (Honours) - Online,UNITAR International University (Main Campus),2026,September
Bachelor,Bachelor in Accounting (Honours) - Online,UNITAR International University (Main Campus),2027,January
Bachelor,Bachelor in Accounting (Honours) - Online,UNITAR International University (Main Campus),2027,May
Bachelor,Bachelor in Accounting (Honours) - Online,UNITAR International University (Main Campus),2027,September
Bachelor,Bachelor in Human Resource Management (Honours),UNITAR International University (Main Campus),2026,May
Bachelor,Bachelor in Human Resource Management (Honours),UNITAR International University (Main Campus),2026,September
Bachelor,Bachelor in Human Resource Management (Honours),UNITAR International University (Main Campus),2027,January
Bachelor,Bachelor in Human Resource Management (Honours),UNITAR International University (Main Campus),2027,May
Bachelor,Bachelor in Human Resource Management (Honours),UNITAR International University (Main Campus),2027,September
Bachelor,Bachelor in Human Resource Management (Honours) - Online,UNITAR International University (Main Campus),2026,May
Bachelor,Bachelor in Human Resource Management (Honours) - Online,UNITAR International University (Main Campus),2026,September
Bachelor,Bachelor in Human Resource Management (Honours) - Online,UNITAR International University (Main Campus),2027,January
Bachelor,Bachelor in Human Resource Management (Honours) - Online,UNITAR International University (Main Campus),2027,May
Bachelor,Bachelor in Human Resource Management (Honours) - Online,UNITAR International University (Main Campus),2027,September
Bachelor,Bachelor in International Business (Honours),UNITAR International University (Main Campus),2026,May
Bachelor,Bachelor in International Business (Honours),UNITAR International University (Main Campus),2026,September
Bachelor,Bachelor in International Business (Honours),UNITAR International University (Main Campus),2027,January
Bachelor,Bachelor in International Business (Honours),UNITAR International University (Main Campus),2027,May
Bachelor,Bachelor in International Business (Honours),UNITAR International University (Main Campus),2027,September
Bachelor,Bachelor in International Business (Honours) - Online,UNITAR International University (Main Campus),2026,May
Bachelor,Bachelor in International Business (Honours) - Online,UNITAR International University (Main Campus),2026,September
Bachelor,Bachelor in International Business (Honours) - Online,UNITAR International University (Main Campus),2027,January
Bachelor,Bachelor in International Business (Honours) - Online,UNITAR International University (Main Campus),2027,May
Bachelor,Bachelor in International Business (Honours) - Online,UNITAR International University (Main Campus),2027,September
Bachelor,Bachelor of Animation Design with Game Art (Honours),UNITAR International University (Main Campus),2026,May
Bachelor,Bachelor of Animation Design with Game Art (Honours),UNITAR International University (Main Campus),2026,September
Bachelor,Bachelor of Animation Design with Game Art (Honours),UNITAR International University (Main Campus),2027,January
Bachelor,Bachelor of Animation Design with Game Art (Honours),UNITAR International University (Main Campus),2027,May
Bachelor,Bachelor of Animation Design with Game Art (Honours),UNITAR International University (Main Campus),2027,September
Bachelor,Bachelor of Business Administration (Hons),Pusat Wilayah UNITAR International University Kuala Terengganu,2026,May
Bachelor,Bachelor of Business Administration (Hons),Pusat Wilayah UNITAR International University Kuala Terengganu,2026,September
Bachelor,Bachelor of Business Administration (Hons),Pusat Wilayah UNITAR International University Kuala Terengganu,2027,January
Bachelor,Bachelor of Business Administration (Hons),Pusat Wilayah UNITAR International University Kuala Terengganu,2027,May
Bachelor,Bachelor of Business Administration (Hons),Pusat Wilayah UNITAR International University Kuala Terengganu,2027,September
Bachelor,Bachelor of Business Administration (Hons),Pusat Wilayah UNITAR International University Kuantan,2026,May
Bachelor,Bachelor of Business Administration (Hons),Pusat Wilayah UNITAR International University Kuantan,2026,September
Bachelor,Bachelor of Business Administration (Hons),Pusat Wilayah UNITAR International University Kuantan,2027,January
Bachelor,Bachelor of Business Administration (Hons),Pusat Wilayah UNITAR International University Kuantan,2027,May
Bachelor,Bachelor of Business Administration (Hons),Pusat Wilayah UNITAR International University Kuantan,2027,September
Bachelor,Bachelor of Business Administration (Hons),Pusat Wilayah UNITAR International University Melaka,2026,May
Bachelor,Bachelor of Business Administration (Hons),Pusat Wilayah UNITAR International University Melaka,2026,September
Bachelor,Bachelor of Business Administration (Hons),Pusat Wilayah UNITAR International University Melaka,2027,January
Bachelor,Bachelor of Business Administration (Hons),Pusat Wilayah UNITAR International University Melaka,2027,May
Bachelor,Bachelor of Business Administration (Hons),Pusat Wilayah UNITAR International University Melaka,2027,September
Bachelor,Bachelor of Business Administration (Hons),UNITAR International University (Main Campus),2026,May
Bachelor,Bachelor of Business Administration (Hons),UNITAR International University (Main Campus),2026,September
Bachelor,Bachelor of Business Administration (Hons),UNITAR International University (Main Campus),2027,January
Bachelor,Bachelor of Business Administration (Hons),UNITAR International University (Main Campus),2027,May
Bachelor,Bachelor of Business Administration (Hons),UNITAR International University (Main Campus),2027,September
Bachelor,Bachelor of Business Administration (Hons) - Online,UNITAR International University (Main Campus),2026,May
Bachelor,Bachelor of Business Administration (Hons) - Online,UNITAR International University (Main Campus),2026,September
Bachelor,Bachelor of Business Administration (Hons) - Online,UNITAR International University (Main Campus),2027,January
Bachelor,Bachelor of Business Administration (Hons) - Online,UNITAR International University (Main Campus),2027,May
Bachelor,Bachelor of Business Administration (Hons) - Online,UNITAR International University (Main Campus),2027,September
Bachelor,Bachelor of Business Administration (Hons),Pusat Wilayah UNITAR International University Ipoh,2026,May
Bachelor,Bachelor of Business Administration (Hons),Pusat Wilayah UNITAR International University Ipoh,2026,September
Bachelor,Bachelor of Business Administration (Hons),Pusat Wilayah UNITAR International University Ipoh,2027,January
Bachelor,Bachelor of Business Administration (Hons),Pusat Wilayah UNITAR International University Ipoh,2027,May
Bachelor,Bachelor of Business Administration (Hons),Pusat Wilayah UNITAR International University Ipoh,2027,September
Bachelor,Bachelor of Business Administration (Hons),Pusat Wilayah UNITAR International University Kuching,2026,May
Bachelor,Bachelor of Business Administration (Hons),Pusat Wilayah UNITAR International University Kuching,2026,September
Bachelor,Bachelor of Business Administration (Hons),Pusat Wilayah UNITAR International University Kuching,2027,January
Bachelor,Bachelor of Business Administration (Hons),Pusat Wilayah UNITAR International University Kuching,2027,May
Bachelor,Bachelor of Business Administration (Hons),Pusat Wilayah UNITAR International University Kuching,2027,September
Bachelor,Bachelor of Education (Early Childhood Education) (Hons),Pusat Wilayah UNITAR International University Kuala Terengganu,2026,May
Bachelor,Bachelor of Education (Early Childhood Education) (Hons),Pusat Wilayah UNITAR International University Kuala Terengganu,2026,September
Bachelor,Bachelor of Education (Early Childhood Education) (Hons),Pusat Wilayah UNITAR International University Kuala Terengganu,2027,January
Bachelor,Bachelor of Education (Early Childhood Education) (Hons),Pusat Wilayah UNITAR International University Kuala Terengganu,2027,May
Bachelor,Bachelor of Education (Early Childhood Education) (Hons),Pusat Wilayah UNITAR International University Kuala Terengganu,2027,September
Bachelor,Bachelor of Education (Early Childhood Education) (Hons),Pusat Wilayah UNITAR International University Kuantan,2026,May
Bachelor,Bachelor of Education (Early Childhood Education) (Hons),Pusat Wilayah UNITAR International University Kuantan,2026,September
Bachelor,Bachelor of Education (Early Childhood Education) (Hons),Pusat Wilayah UNITAR International University Kuantan,2027,January
Bachelor,Bachelor of Education (Early Childhood Education) (Hons),Pusat Wilayah UNITAR International University Kuantan,2027,May
Bachelor,Bachelor of Education (Early Childhood Education) (Hons),Pusat Wilayah UNITAR International University Kuantan,2027,September
Bachelor,Bachelor of Education (Early Childhood Education) (Hons),UNITAR International University (Main Campus),2026,May
Bachelor,Bachelor of Education (Early Childhood Education) (Hons),UNITAR International University (Main Campus),2026,September
Bachelor,Bachelor of Education (Early Childhood Education) (Hons),UNITAR International University (Main Campus),2027,January
Bachelor,Bachelor of Education (Early Childhood Education) (Hons),UNITAR International University (Main Campus),2027,May
Bachelor,Bachelor of Education (Early Childhood Education) (Hons),UNITAR International University (Main Campus),2027,September
Bachelor,Bachelor of Education (Early Childhood Education) (Hons) - Online,UNITAR International University (Main Campus),2026,May
Bachelor,Bachelor of Education (Early Childhood Education) (Hons) - Online,UNITAR International University (Main Campus),2026,September
Bachelor,Bachelor of Education (Early Childhood Education) (Hons) - Online,UNITAR International University (Main Campus),2027,January
Bachelor,Bachelor of Education (Early Childhood Education) (Hons) - Online,UNITAR International University (Main Campus),2027,May
Bachelor,Bachelor of Education (Early Childhood Education) (Hons) - Online,UNITAR International University (Main Campus),2027,September
Bachelor,Bachelor of Education (Early Childhood Education) (Hons),Pusat Wilayah UNITAR International University Kuching,2026,May
Bachelor,Bachelor of Education (Early Childhood Education) (Hons),Pusat Wilayah UNITAR International University Kuching,2026,September
Bachelor,Bachelor of Education (Early Childhood Education) (Hons),Pusat Wilayah UNITAR International University Kuching,2027,January
Bachelor,Bachelor of Education (Early Childhood Education) (Hons),Pusat Wilayah UNITAR International University Kuching,2027,May
Bachelor,Bachelor of Education (Early Childhood Education) (Hons),Pusat Wilayah UNITAR International University Kuching,2027,September
Bachelor,Bachelor of Education (Early Childhood Education) (Hons),Pusat Wilayah UNITAR International University Kota Kinabalu,2026,May
Bachelor,Bachelor of Education (Early Childhood Education) (Hons),Pusat Wilayah UNITAR International University Kota Kinabalu,2026,September
Bachelor,Bachelor of Education (Early Childhood Education) (Hons),Pusat Wilayah UNITAR International University Kota Kinabalu,2027,January
Bachelor,Bachelor of Education (Early Childhood Education) (Hons),Pusat Wilayah UNITAR International University Kota Kinabalu,2027,May
Bachelor,Bachelor of Education (Early Childhood Education) (Hons),Pusat Wilayah UNITAR International University Kota Kinabalu,2027,September
Bachelor,Bachelor of Education (Hons),Pusat Wilayah UNITAR International University Kuala Terengganu,2026,May
Bachelor,Bachelor of Education (Hons),Pusat Wilayah UNITAR International University Kuala Terengganu,2026,September
Bachelor,Bachelor of Education (Hons),Pusat Wilayah UNITAR International University Kuala Terengganu,2027,January
Bachelor,Bachelor of Education (Hons),Pusat Wilayah UNITAR International University Kuala Terengganu,2027,May
Bachelor,Bachelor of Education (Hons),Pusat Wilayah UNITAR International University Kuala Terengganu,2027,September
Bachelor,Bachelor of Education (Hons),Pusat Wilayah UNITAR International University Kuantan,2026,May
Bachelor,Bachelor of Education (Hons),Pusat Wilayah UNITAR International University Kuantan,2026,September
Bachelor,Bachelor of Education (Hons),Pusat Wilayah UNITAR International University Kuantan,2027,January
Bachelor,Bachelor of Education (Hons),Pusat Wilayah UNITAR International University Kuantan,2027,May
Bachelor,Bachelor of Education (Hons),Pusat Wilayah UNITAR International University Kuantan,2027,September
Bachelor,Bachelor of Education (Teaching of English as a Second Language) with Honours,UNITAR University College Kuala Lumpur,2026,May
Bachelor,Bachelor of Education (Teaching of English as a Second Language) with Honours,UNITAR University College Kuala Lumpur,2026,September
Bachelor,Bachelor of Education (Teaching of English as a Second Language) with Honours,UNITAR University College Kuala Lumpur,2027,January
Bachelor,Bachelor of Education (Teaching of English as a Second Language) with Honours,UNITAR University College Kuala Lumpur,2027,May
Bachelor,Bachelor of Education (Teaching of English as a Second Language) with Honours,UNITAR University College Kuala Lumpur,2027,September
Bachelor,Bachelor of Education (Hons),UNITAR International University (Main Campus),2026,May
Bachelor,Bachelor of Education (Hons),UNITAR International University (Main Campus),2026,September
Bachelor,Bachelor of Education (Hons),UNITAR International University (Main Campus),2027,January
Bachelor,Bachelor of Education (Hons),UNITAR International University (Main Campus),2027,May
Bachelor,Bachelor of Education (Hons),UNITAR International University (Main Campus),2027,September
Bachelor,Bachelor of Education (Hons) - Online,UNITAR International University (Main Campus),2026,May
Bachelor,Bachelor of Education (Hons) - Online,UNITAR International University (Main Campus),2026,September
Bachelor,Bachelor of Education (Hons) - Online,UNITAR International University (Main Campus),2027,January
Bachelor,Bachelor of Education (Hons) - Online,UNITAR International University (Main Campus),2027,May
Bachelor,Bachelor of Education (Hons) - Online,UNITAR International University (Main Campus),2027,September
Bachelor,Bachelor of Education (Hons),Pusat Wilayah UNITAR International University Ipoh,2026,May
Bachelor,Bachelor of Education (Hons),Pusat Wilayah UNITAR International University Ipoh,2026,September
Bachelor,Bachelor of Education (Hons),Pusat Wilayah UNITAR International University Ipoh,2027,January
Bachelor,Bachelor of Education (Hons),Pusat Wilayah UNITAR International University Ipoh,2027,May
Bachelor,Bachelor of Education (Hons),Pusat Wilayah UNITAR International University Ipoh,2027,September
Bachelor,Bachelor of Education (Hons),Pusat Wilayah UNITAR International University Kuching,2026,May
Bachelor,Bachelor of Education (Hons),Pusat Wilayah UNITAR International University Kuching,2026,September
Bachelor,Bachelor of Education (Hons),Pusat Wilayah UNITAR International University Kuching,2027,January
Bachelor,Bachelor of Education (Hons),Pusat Wilayah UNITAR International University Kuching,2027,May
Bachelor,Bachelor of Education (Hons),Pusat Wilayah UNITAR International University Kuching,2027,September
Bachelor,Bachelor of Education (Hons),Pusat Wilayah UNITAR International University Kota Kinabalu,2026,May
Bachelor,Bachelor of Education (Hons),Pusat Wilayah UNITAR International University Kota Kinabalu,2026,September
Bachelor,Bachelor of Education (Hons),Pusat Wilayah UNITAR International University Kota Kinabalu,2027,January
Bachelor,Bachelor of Education (Hons),Pusat Wilayah UNITAR International University Kota Kinabalu,2027,May
Bachelor,Bachelor of Education (Hons),Pusat Wilayah UNITAR International University Kota Kinabalu,2027,September
Bachelor,Bachelor of Fashion Design with Marketing (Honours),UNITAR International University (Main Campus),2026,May
Bachelor,Bachelor of Fashion Design with Marketing (Honours),UNITAR International University (Main Campus),2026,September
Bachelor,Bachelor of Fashion Design with Marketing (Honours),UNITAR International University (Main Campus),2027,January
Bachelor,Bachelor of Fashion Design with Marketing (Honours),UNITAR International University (Main Campus),2027,May
Bachelor,Bachelor of Fashion Design with Marketing (Honours),UNITAR International University (Main Campus),2027,September
Diploma,Diploma in Early Childhood Education,UNITAR University College Kuala Lumpur,2026,May
Diploma,Diploma in Early Childhood Education,UNITAR University College Kuala Lumpur,2026,September
Diploma,Diploma in Early Childhood Education,UNITAR University College Kuala Lumpur,2027,January
Diploma,Diploma in Early Childhood Education,UNITAR University College Kuala Lumpur,2027,May
Diploma,Diploma in Early Childhood Education,UNITAR University College Kuala Lumpur,2027,September
Bachelor,Bachelor of Finance (Fintech) (Honours),UNITAR International University (Main Campus),2026,May
Bachelor,Bachelor of Finance (Fintech) (Honours),UNITAR International University (Main Campus),2026,September
Bachelor,Bachelor of Finance (Fintech) (Honours),UNITAR International University (Main Campus),2027,January
Bachelor,Bachelor of Finance (Fintech) (Honours),UNITAR International University (Main Campus),2027,May
Bachelor,Bachelor of Finance (Fintech) (Honours),UNITAR International University (Main Campus),2027,September
Bachelor,Bachelor of Finance (Fintech) (Honours) - Online,UNITAR International University (Main Campus),2026,May
Bachelor,Bachelor of Finance (Fintech) (Honours) - Online,UNITAR International University (Main Campus),2026,September
Bachelor,Bachelor of Finance (Fintech) (Honours) - Online,UNITAR International University (Main Campus),2027,January
Bachelor,Bachelor of Finance (Fintech) (Honours) - Online,UNITAR International University (Main Campus),2027,May
Bachelor,Bachelor of Finance (Fintech) (Honours) - Online,UNITAR International University (Main Campus),2027,September
Bachelor,Bachelor of Information Technology (Hons),UNITAR International University (Main Campus),2026,May
Bachelor,Bachelor of Information Technology (Hons),UNITAR International University (Main Campus),2026,September
Bachelor,Bachelor of Information Technology (Hons),UNITAR International University (Main Campus),2027,January
Bachelor,Bachelor of Information Technology (Hons),UNITAR International University (Main Campus),2027,May
Bachelor,Bachelor of Information Technology (Hons),UNITAR International University (Main Campus),2027,September
Bachelor,Bachelor of Information Technology (Hons) - Online,UNITAR International University (Main Campus),2026,May
Bachelor,Bachelor of Information Technology (Hons) - Online,UNITAR International University (Main Campus),2026,September
Bachelor,Bachelor of Information Technology (Hons) - Online,UNITAR International University (Main Campus),2027,January
Bachelor,Bachelor of Information Technology (Hons) - Online,UNITAR International University (Main Campus),2027,May
Bachelor,Bachelor of Information Technology (Hons) - Online,UNITAR International University (Main Campus),2027,September
Bachelor,Bachelor of Information Technology (Hons),Pusat Wilayah UNITAR International University Ipoh,2026,May
Bachelor,Bachelor of Information Technology (Hons),Pusat Wilayah UNITAR International University Ipoh,2026,September
Bachelor,Bachelor of Information Technology (Hons),Pusat Wilayah UNITAR International University Ipoh,2027,January
Bachelor,Bachelor of Information Technology (Hons),Pusat Wilayah UNITAR International University Ipoh,2027,May
Bachelor,Bachelor of Information Technology (Hons),Pusat Wilayah UNITAR International University Ipoh,2027,September
Bachelor,Bachelor of Mass Communication (Honours),UNITAR International University (Main Campus),2026,May
Bachelor,Bachelor of Mass Communication (Honours),UNITAR International University (Main Campus),2026,September
Bachelor,Bachelor of Mass Communication (Honours),UNITAR International University (Main Campus),2027,January
Bachelor,Bachelor of Mass Communication (Honours),UNITAR International University (Main Campus),2027,May
Bachelor,Bachelor of Mass Communication (Honours),UNITAR International University (Main Campus),2027,September
Bachelor,Bachelor of Psychology (Honours),UNITAR International University (Main Campus),2026,May
Bachelor,Bachelor of Psychology (Honours),UNITAR International University (Main Campus),2026,September
Bachelor,Bachelor of Psychology (Honours),UNITAR International University (Main Campus),2027,January
Bachelor,Bachelor of Psychology (Honours),UNITAR International University (Main Campus),2027,May
Bachelor,Bachelor of Psychology (Honours),UNITAR International University (Main Campus),2027,September
Bachelor,Bachelor of Psychology (Honours) - Online,UNITAR International University (Main Campus),2026,May
Bachelor,Bachelor of Psychology (Honours) - Online,UNITAR International University (Main Campus),2026,September
Bachelor,Bachelor of Psychology (Honours) - Online,UNITAR International University (Main Campus),2027,January
Bachelor,Bachelor of Psychology (Honours) - Online,UNITAR International University (Main Campus),2027,May
Bachelor,Bachelor of Psychology (Honours) - Online,UNITAR International University (Main Campus),2027,September
Doctorate,Doctor of Philosophy in Education,UNITAR University College Kuala Lumpur,2026,May
Doctorate,Doctor of Philosophy in Education,UNITAR University College Kuala Lumpur,2026,September
Doctorate,Doctor of Philosophy in Education,UNITAR University College Kuala Lumpur,2027,January
Doctorate,Doctor of Philosophy in Education,UNITAR University College Kuala Lumpur,2027,May
Doctorate,Doctor of Philosophy in Education,UNITAR University College Kuala Lumpur,2027,September
Diploma,Diploma in Accounting,UNITAR International University (Main Campus),2026,May
Diploma,Diploma in Accounting,UNITAR International University (Main Campus),2026,September
Diploma,Diploma in Accounting,UNITAR International University (Main Campus),2027,January
Diploma,Diploma in Accounting,UNITAR International University (Main Campus),2027,May
Diploma,Diploma in Accounting,UNITAR International University (Main Campus),2027,September
Diploma,Diploma in Accounting - Online,UNITAR International University (Main Campus),2026,May
Diploma,Diploma in Accounting - Online,UNITAR International University (Main Campus),2026,September
Diploma,Diploma in Accounting - Online,UNITAR International University (Main Campus),2027,January
Diploma,Diploma in Accounting - Online,UNITAR International University (Main Campus),2027,May
Diploma,Diploma in Accounting - Online,UNITAR International University (Main Campus),2027,September
Diploma,Diploma in Animation Design,UNITAR International University (Main Campus),2026,May
Diploma,Diploma in Animation Design,UNITAR International University (Main Campus),2026,September
Diploma,Diploma in Animation Design,UNITAR International University (Main Campus),2027,January
Diploma,Diploma in Animation Design,UNITAR International University (Main Campus),2027,May
Diploma,Diploma in Animation Design,UNITAR International University (Main Campus),2027,September
Diploma,Diploma in Business Administration,Pusat Wilayah UNITAR International University Kuantan,2026,May
Diploma,Diploma in Business Administration,Pusat Wilayah UNITAR International University Kuantan,2026,September
Diploma,Diploma in Business Administration,Pusat Wilayah UNITAR International University Kuantan,2027,January
Diploma,Diploma in Business Administration,Pusat Wilayah UNITAR International University Kuantan,2027,May
Diploma,Diploma in Business Administration,Pusat Wilayah UNITAR International University Kuantan,2027,September
Diploma,Diploma in Business Administration - BM,Pusat Wilayah UNITAR International University Kuantan,2026,May
Diploma,Diploma in Business Administration - BM,Pusat Wilayah UNITAR International University Kuantan,2026,September
Diploma,Diploma in Business Administration - BM,Pusat Wilayah UNITAR International University Kuantan,2027,January
Diploma,Diploma in Business Administration - BM,Pusat Wilayah UNITAR International University Kuantan,2027,May
Diploma,Diploma in Business Administration - BM,Pusat Wilayah UNITAR International University Kuantan,2027,September
Diploma,Diploma in Business Administration,Pusat Wilayah UNITAR International University Melaka,2026,May
Diploma,Diploma in Business Administration,Pusat Wilayah UNITAR International University Melaka,2026,September
Diploma,Diploma in Business Administration,Pusat Wilayah UNITAR International University Melaka,2027,January
Diploma,Diploma in Business Administration,Pusat Wilayah UNITAR International University Melaka,2027,May
Diploma,Diploma in Business Administration,Pusat Wilayah UNITAR International University Melaka,2027,September
Diploma,Diploma in Business Administration - BM,Pusat Wilayah UNITAR International University Melaka,2026,May
Diploma,Diploma in Business Administration - BM,Pusat Wilayah UNITAR International University Melaka,2026,September
Diploma,Diploma in Business Administration - BM,Pusat Wilayah UNITAR International University Melaka,2027,January
Diploma,Diploma in Business Administration - BM,Pusat Wilayah UNITAR International University Melaka,2027,May
Diploma,Diploma in Business Administration - BM,Pusat Wilayah UNITAR International University Melaka,2027,September
Foundation,Foundation in Arts,UNITAR University College Kuala Lumpur,2026,May
Foundation,Foundation in Arts,UNITAR University College Kuala Lumpur,2026,September
Foundation,Foundation in Arts,UNITAR University College Kuala Lumpur,2027,January
Foundation,Foundation in Arts,UNITAR University College Kuala Lumpur,2027,May
Foundation,Foundation in Arts,UNITAR University College Kuala Lumpur,2027,September
Diploma,Diploma in Business Administration,UNITAR International University (Main Campus),2026,May
Diploma,Diploma in Business Administration,UNITAR International University (Main Campus),2026,September
Diploma,Diploma in Business Administration,UNITAR International University (Main Campus),2027,January
Diploma,Diploma in Business Administration,UNITAR International University (Main Campus),2027,May
Diploma,Diploma in Business Administration,UNITAR International University (Main Campus),2027,September
Diploma,Diploma in Business Administration - BM,UNITAR International University (Main Campus),2026,May
Diploma,Diploma in Business Administration - BM,UNITAR International University (Main Campus),2026,September
Diploma,Diploma in Business Administration - BM,UNITAR International University (Main Campus),2027,January
Diploma,Diploma in Business Administration - BM,UNITAR International University (Main Campus),2027,May
Diploma,Diploma in Business Administration - BM,UNITAR International University (Main Campus),2027,September
Master,Master of Education,UNITAR University College Kuala Lumpur,2026,May
Master,Master of Education,UNITAR University College Kuala Lumpur,2026,September
Master,Master of Education,UNITAR University College Kuala Lumpur,2027,January
Master,Master of Education,UNITAR University College Kuala Lumpur,2027,May
Master,Master of Education,UNITAR University College Kuala Lumpur,2027,September
Diploma,Diploma in Business Administration - Online,UNITAR International University (Main Campus),2026,May
Diploma,Diploma in Business Administration - Online,UNITAR International University (Main Campus),2026,September
Diploma,Diploma in Business Administration - Online,UNITAR International University (Main Campus),2027,January
Diploma,Diploma in Business Administration - Online,UNITAR International University (Main Campus),2027,May
Diploma,Diploma in Business Administration - Online,UNITAR International University (Main Campus),2027,September
Diploma,Diploma in Business Administration - Online - BM,UNITAR International University (Main Campus),2026,May
Diploma,Diploma in Business Administration - Online - BM,UNITAR International University (Main Campus),2026,September
Diploma,Diploma in Business Administration - Online - BM,UNITAR International University (Main Campus),2027,January
Diploma,Diploma in Business Administration - Online - BM,UNITAR International University (Main Campus),2027,May
Diploma,Diploma in Business Administration - Online - BM,UNITAR International University (Main Campus),2027,September
Diploma,Diploma in Business Administration,Pusat Wilayah UNITAR International University Kuching,2026,May
Diploma,Diploma in Business Administration,Pusat Wilayah UNITAR International University Kuching,2026,September
Diploma,Diploma in Business Administration,Pusat Wilayah UNITAR International University Kuching,2027,January
Diploma,Diploma in Business Administration,Pusat Wilayah UNITAR International University Kuching,2027,May
Diploma,Diploma in Business Administration,Pusat Wilayah UNITAR International University Kuching,2027,September
Diploma,Diploma in Business Administration,Pusat Wilayah UNITAR International University Ipoh,2026,May
Diploma,Diploma in Business Administration,Pusat Wilayah UNITAR International University Ipoh,2026,September
Diploma,Diploma in Business Administration,Pusat Wilayah UNITAR International University Ipoh,2027,January
Diploma,Diploma in Business Administration,Pusat Wilayah UNITAR International University Ipoh,2027,May
Diploma,Diploma in Business Administration,Pusat Wilayah UNITAR International University Ipoh,2027,September
Master,Master of Education (Educational Leadership and Management),UNITAR University College Kuala Lumpur,2026,May
Master,Master of Education (Educational Leadership and Management),UNITAR University College Kuala Lumpur,2026,September
Master,Master of Education (Educational Leadership and Management),UNITAR University College Kuala Lumpur,2027,January
Master,Master of Education (Educational Leadership and Management),UNITAR University College Kuala Lumpur,2027,May
Master,Master of Education (Educational Leadership and Management),UNITAR University College Kuala Lumpur,2027,September
Diploma,Diploma in Business Administration,Pusat Wilayah UNITAR International University Kota Kinabalu,2026,May
Diploma,Diploma in Business Administration,Pusat Wilayah UNITAR International University Kota Kinabalu,2026,September
Diploma,Diploma in Business Administration,Pusat Wilayah UNITAR International University Kota Kinabalu,2027,January
Diploma,Diploma in Business Administration,Pusat Wilayah UNITAR International University Kota Kinabalu,2027,May
Diploma,Diploma in Business Administration,Pusat Wilayah UNITAR International University Kota Kinabalu,2027,September
Diploma,Diploma in Business Administration - BM,Pusat Wilayah UNITAR International University Kota Kinabalu,2026,May
Diploma,Diploma in Business Administration - BM,Pusat Wilayah UNITAR International University Kota Kinabalu,2026,September
Diploma,Diploma in Business Administration - BM,Pusat Wilayah UNITAR International University Kota Kinabalu,2027,January
Diploma,Diploma in Business Administration - BM,Pusat Wilayah UNITAR International University Kota Kinabalu,2027,May
Diploma,Diploma in Business Administration - BM,Pusat Wilayah UNITAR International University Kota Kinabalu,2027,September
Diploma,Diploma in Digital Graphic Design,UNITAR International University (Main Campus),2026,May
Diploma,Diploma in Digital Graphic Design,UNITAR International University (Main Campus),2026,September
Diploma,Diploma in Digital Graphic Design,UNITAR International University (Main Campus),2027,January
Diploma,Diploma in Digital Graphic Design,UNITAR International University (Main Campus),2027,May
Diploma,Diploma in Digital Graphic Design,UNITAR International University (Main Campus),2027,September
Diploma,Diploma in Early Childhood Education,UNITAR International University (Main Campus),2026,May
Diploma,Diploma in Early Childhood Education,UNITAR International University (Main Campus),2026,September
Diploma,Diploma in Early Childhood Education,UNITAR International University (Main Campus),2027,January
Diploma,Diploma in Early Childhood Education,UNITAR International University (Main Campus),2027,May
Diploma,Diploma in Early Childhood Education,UNITAR International University (Main Campus),2027,September
Diploma,Diploma in Early Childhood Education - BM,UNITAR International University (Main Campus),2026,May
Diploma,Diploma in Early Childhood Education - BM,UNITAR International University (Main Campus),2026,September
Diploma,Diploma in Early Childhood Education - BM,UNITAR International University (Main Campus),2027,January
Diploma,Diploma in Early Childhood Education - BM,UNITAR International University (Main Campus),2027,May
Diploma,Diploma in Early Childhood Education - BM,UNITAR International University (Main Campus),2027,September
Postgraduate Diploma,Postgraduate Diploma in Education,UNITAR University College Kuala Lumpur,2026,May
Postgraduate Diploma,Postgraduate Diploma in Education,UNITAR University College Kuala Lumpur,2026,September
Postgraduate Diploma,Postgraduate Diploma in Education,UNITAR University College Kuala Lumpur,2027,January
Postgraduate Diploma,Postgraduate Diploma in Education,UNITAR University College Kuala Lumpur,2027,May
Postgraduate Diploma,Postgraduate Diploma in Education,UNITAR University College Kuala Lumpur,2027,September
Diploma,Diploma in Early Childhood Education - Online,UNITAR International University (Main Campus),2026,May
Diploma,Diploma in Early Childhood Education - Online,UNITAR International University (Main Campus),2026,September
Diploma,Diploma in Early Childhood Education - Online,UNITAR International University (Main Campus),2027,January
Diploma,Diploma in Early Childhood Education - Online,UNITAR International University (Main Campus),2027,May
Diploma,Diploma in Early Childhood Education - Online,UNITAR International University (Main Campus),2027,September
Diploma,Diploma in Early Childhood Education - Online - BM,UNITAR International University (Main Campus),2026,May
Diploma,Diploma in Early Childhood Education - Online - BM,UNITAR International University (Main Campus),2026,September
Diploma,Diploma in Early Childhood Education - Online - BM,UNITAR International University (Main Campus),2027,January
Diploma,Diploma in Early Childhood Education - Online - BM,UNITAR International University (Main Campus),2027,May
Diploma,Diploma in Early Childhood Education - Online - BM,UNITAR International University (Main Campus),2027,September
Diploma,Diploma in Early Childhood Education,Pusat Wilayah UNITAR International University Melaka,2026,May
Diploma,Diploma in Early Childhood Education,Pusat Wilayah UNITAR International University Melaka,2026,September
Diploma,Diploma in Early Childhood Education,Pusat Wilayah UNITAR International University Melaka,2027,January
Diploma,Diploma in Early Childhood Education,Pusat Wilayah UNITAR International University Melaka,2027,May
Diploma,Diploma in Early Childhood Education,Pusat Wilayah UNITAR International University Melaka,2027,September
Diploma,Diploma in Early Childhood Education - BM,Pusat Wilayah UNITAR International University Melaka,2026,May
Diploma,Diploma in Early Childhood Education - BM,Pusat Wilayah UNITAR International University Melaka,2026,September
Diploma,Diploma in Early Childhood Education - BM,Pusat Wilayah UNITAR International University Melaka,2027,January
Diploma,Diploma in Early Childhood Education - BM,Pusat Wilayah UNITAR International University Melaka,2027,May
Diploma,Diploma in Early Childhood Education - BM,Pusat Wilayah UNITAR International University Melaka,2027,September
Diploma,Diploma in Early Childhood Education,Pusat Wilayah UNITAR International University Kuala Terengganu,2026,May
Diploma,Diploma in Early Childhood Education,Pusat Wilayah UNITAR International University Kuala Terengganu,2026,September
Diploma,Diploma in Early Childhood Education,Pusat Wilayah UNITAR International University Kuala Terengganu,2027,January
Diploma,Diploma in Early Childhood Education,Pusat Wilayah UNITAR International University Kuala Terengganu,2027,May
Diploma,Diploma in Early Childhood Education,Pusat Wilayah UNITAR International University Kuala Terengganu,2027,September
Diploma,Diploma in Early Childhood Education - BM,Pusat Wilayah UNITAR International University Kuala Terengganu,2026,May
Diploma,Diploma in Early Childhood Education - BM,Pusat Wilayah UNITAR International University Kuala Terengganu,2026,September
Diploma,Diploma in Early Childhood Education - BM,Pusat Wilayah UNITAR International University Kuala Terengganu,2027,January
Diploma,Diploma in Early Childhood Education - BM,Pusat Wilayah UNITAR International University Kuala Terengganu,2027,May
Diploma,Diploma in Early Childhood Education - BM,Pusat Wilayah UNITAR International University Kuala Terengganu,2027,September
Bachelor,Bachelor in Human Resource Management (Honours),UNITAR University College Kuala Lumpur,2026,May
Bachelor,Bachelor in Human Resource Management (Honours),UNITAR University College Kuala Lumpur,2026,September
Bachelor,Bachelor in Human Resource Management (Honours),UNITAR University College Kuala Lumpur,2027,January
Bachelor,Bachelor in Human Resource Management (Honours),UNITAR University College Kuala Lumpur,2027,May
Bachelor,Bachelor in Human Resource Management (Honours),UNITAR University College Kuala Lumpur,2027,September
Diploma,Diploma in Early Childhood Education,Pusat Wilayah UNITAR International University Kuantan,2026,May
Diploma,Diploma in Early Childhood Education,Pusat Wilayah UNITAR International University Kuantan,2026,September
Diploma,Diploma in Early Childhood Education,Pusat Wilayah UNITAR International University Kuantan,2027,January
Diploma,Diploma in Early Childhood Education,Pusat Wilayah UNITAR International University Kuantan,2027,May
Diploma,Diploma in Early Childhood Education,Pusat Wilayah UNITAR International University Kuantan,2027,September
Diploma,Diploma in Early Childhood Education - BM,Pusat Wilayah UNITAR International University Kuantan,2026,May
Diploma,Diploma in Early Childhood Education - BM,Pusat Wilayah UNITAR International University Kuantan,2026,September
Diploma,Diploma in Early Childhood Education - BM,Pusat Wilayah UNITAR International University Kuantan,2027,January
Diploma,Diploma in Early Childhood Education - BM,Pusat Wilayah UNITAR International University Kuantan,2027,May
Diploma,Diploma in Early Childhood Education - BM,Pusat Wilayah UNITAR International University Kuantan,2027,September
Diploma,Diploma in Early Childhood Education,Pusat Wilayah UNITAR International University Kuching,2026,May
Diploma,Diploma in Early Childhood Education,Pusat Wilayah UNITAR International University Kuching,2026,September
Diploma,Diploma in Early Childhood Education,Pusat Wilayah UNITAR International University Kuching,2027,January
Diploma,Diploma in Early Childhood Education,Pusat Wilayah UNITAR International University Kuching,2027,May
Diploma,Diploma in Early Childhood Education,Pusat Wilayah UNITAR International University Kuching,2027,September
Diploma,Diploma in Early Childhood Education - BM,Pusat Wilayah UNITAR International University Kuching,2026,May
Diploma,Diploma in Early Childhood Education - BM,Pusat Wilayah UNITAR International University Kuching,2026,September
Diploma,Diploma in Early Childhood Education - BM,Pusat Wilayah UNITAR International University Kuching,2027,January
Diploma,Diploma in Early Childhood Education - BM,Pusat Wilayah UNITAR International University Kuching,2027,May
Diploma,Diploma in Early Childhood Education - BM,Pusat Wilayah UNITAR International University Kuching,2027,September
Diploma,Diploma in Early Childhood Education,Pusat Wilayah UNITAR International University Ipoh,2026,May
Diploma,Diploma in Early Childhood Education,Pusat Wilayah UNITAR International University Ipoh,2026,September
Diploma,Diploma in Early Childhood Education,Pusat Wilayah UNITAR International University Ipoh,2027,January
Diploma,Diploma in Early Childhood Education,Pusat Wilayah UNITAR International University Ipoh,2027,May
Diploma,Diploma in Early Childhood Education,Pusat Wilayah UNITAR International University Ipoh,2027,September
Diploma,Diploma in Early Childhood Education - BM,Pusat Wilayah UNITAR International University Ipoh,2026,May
Diploma,Diploma in Early Childhood Education - BM,Pusat Wilayah UNITAR International University Ipoh,2026,September
Diploma,Diploma in Early Childhood Education - BM,Pusat Wilayah UNITAR International University Ipoh,2027,January
Diploma,Diploma in Early Childhood Education - BM,Pusat Wilayah UNITAR International University Ipoh,2027,May
Diploma,Diploma in Early Childhood Education - BM,Pusat Wilayah UNITAR International University Ipoh,2027,September
Diploma,Diploma in Early Childhood Education,Pusat Wilayah UNITAR International University Kota Kinabalu,2026,May
Diploma,Diploma in Early Childhood Education,Pusat Wilayah UNITAR International University Kota Kinabalu,2026,September
Diploma,Diploma in Early Childhood Education,Pusat Wilayah UNITAR International University Kota Kinabalu,2027,January
Diploma,Diploma in Early Childhood Education,Pusat Wilayah UNITAR International University Kota Kinabalu,2027,May
Diploma,Diploma in Early Childhood Education,Pusat Wilayah UNITAR International University Kota Kinabalu,2027,September
Diploma,Diploma in Early Childhood Education - BM,Pusat Wilayah UNITAR International University Kota Kinabalu,2026,May
Diploma,Diploma in Early Childhood Education - BM,Pusat Wilayah UNITAR International University Kota Kinabalu,2026,September
Diploma,Diploma in Early Childhood Education - BM,Pusat Wilayah UNITAR International University Kota Kinabalu,2027,January
Diploma,Diploma in Early Childhood Education - BM,Pusat Wilayah UNITAR International University Kota Kinabalu,2027,May
Diploma,Diploma in Early Childhood Education - BM,Pusat Wilayah UNITAR International University Kota Kinabalu,2027,September
Diploma,Diploma in Fashion Design,UNITAR International University (Main Campus),2026,May
Diploma,Diploma in Fashion Design,UNITAR International University (Main Campus),2026,September
Diploma,Diploma in Fashion Design,UNITAR International University (Main Campus),2027,January
Diploma,Diploma in Fashion Design,UNITAR International University (Main Campus),2027,May
Diploma,Diploma in Fashion Design,UNITAR International University (Main Campus),2027,September
Diploma,Diploma in Information Technology,UNITAR International University (Main Campus),2026,May
Diploma,Diploma in Information Technology,UNITAR International University (Main Campus),2026,September
Diploma,Diploma in Information Technology,UNITAR International University (Main Campus),2027,January
Diploma,Diploma in Information Technology,UNITAR International University (Main Campus),2027,May
Diploma,Diploma in Information Technology,UNITAR International University (Main Campus),2027,September
Diploma,Diploma in Information Technology - Online,UNITAR International University (Main Campus),2026,May
Diploma,Diploma in Information Technology - Online,UNITAR International University (Main Campus),2026,September
Diploma,Diploma in Information Technology - Online,UNITAR International University (Main Campus),2027,January
Diploma,Diploma in Information Technology - Online,UNITAR International University (Main Campus),2027,May
Diploma,Diploma in Information Technology - Online,UNITAR International University (Main Campus),2027,September
Diploma,Diploma in Information Technology,Pusat Wilayah UNITAR International University Melaka,2026,May
Diploma,Diploma in Information Technology,Pusat Wilayah UNITAR International University Melaka,2026,September
Diploma,Diploma in Information Technology,Pusat Wilayah UNITAR International University Melaka,2027,January
Diploma,Diploma in Information Technology,Pusat Wilayah UNITAR International University Melaka,2027,May
Diploma,Diploma in Information Technology,Pusat Wilayah UNITAR International University Melaka,2027,September
Diploma,Diploma in Interior Design,UNITAR International University (Main Campus),2026,May
Diploma,Diploma in Interior Design,UNITAR International University (Main Campus),2026,September
Diploma,Diploma in Interior Design,UNITAR International University (Main Campus),2027,January
Diploma,Diploma in Interior Design,UNITAR International University (Main Campus),2027,May
Diploma,Diploma in Interior Design,UNITAR International University (Main Campus),2027,September
Bachelor,Bachelor of Business Management (Honours),UNITAR University College Kuala Lumpur,2026,May
Bachelor,Bachelor of Business Management (Honours),UNITAR University College Kuala Lumpur,2026,September
Bachelor,Bachelor of Business Management (Honours),UNITAR University College Kuala Lumpur,2027,January
Bachelor,Bachelor of Business Management (Honours),UNITAR University College Kuala Lumpur,2027,May
Bachelor,Bachelor of Business Management (Honours),UNITAR University College Kuala Lumpur,2027,September
Diploma,Diploma in Logistics Management,UNITAR International University (Main Campus),2026,May
Diploma,Diploma in Logistics Management,UNITAR International University (Main Campus),2026,September
Diploma,Diploma in Logistics Management,UNITAR International University (Main Campus),2027,January
Diploma,Diploma in Logistics Management,UNITAR International University (Main Campus),2027,May
Diploma,Diploma in Logistics Management,UNITAR International University (Main Campus),2027,September
Diploma,Diploma in Logistics Management - Online,UNITAR International University (Main Campus),2026,May
Diploma,Diploma in Logistics Management - Online,UNITAR International University (Main Campus),2026,September
Diploma,Diploma in Logistics Management - Online,UNITAR International University (Main Campus),2027,January
Diploma,Diploma in Logistics Management - Online,UNITAR International University (Main Campus),2027,May
Diploma,Diploma in Logistics Management - Online,UNITAR International University (Main Campus),2027,September
Bachelor,Bachelor of Hospitality Management (Honours),UNITAR University College Kuala Lumpur,2026,May
Bachelor,Bachelor of Hospitality Management (Honours),UNITAR University College Kuala Lumpur,2026,September
Bachelor,Bachelor of Hospitality Management (Honours),UNITAR University College Kuala Lumpur,2027,January
Bachelor,Bachelor of Hospitality Management (Honours),UNITAR University College Kuala Lumpur,2027,May
Bachelor,Bachelor of Hospitality Management (Honours),UNITAR University College Kuala Lumpur,2027,September
Diploma,Diploma in Occupational Safety and Health,UNITAR International University (Main Campus),2026,May
Diploma,Diploma in Occupational Safety and Health,UNITAR International University (Main Campus),2026,September
Diploma,Diploma in Occupational Safety and Health,UNITAR International University (Main Campus),2027,January
Diploma,Diploma in Occupational Safety and Health,UNITAR International University (Main Campus),2027,May
Diploma,Diploma in Occupational Safety and Health,UNITAR International University (Main Campus),2027,September
Diploma,Diploma in Occupational Safety and Health - Online,UNITAR International University (Main Campus),2026,May
Diploma,Diploma in Occupational Safety and Health - Online,UNITAR International University (Main Campus),2026,September
Diploma,Diploma in Occupational Safety and Health - Online,UNITAR International University (Main Campus),2027,January
Diploma,Diploma in Occupational Safety and Health - Online,UNITAR International University (Main Campus),2027,May
Diploma,Diploma in Occupational Safety and Health - Online,UNITAR International University (Main Campus),2027,September
Diploma,Diploma in Psychology,UNITAR International University (Main Campus),2026,May
Diploma,Diploma in Psychology,UNITAR International University (Main Campus),2026,September
Diploma,Diploma in Psychology,UNITAR International University (Main Campus),2027,January
Diploma,Diploma in Psychology,UNITAR International University (Main Campus),2027,May
Diploma,Diploma in Psychology,UNITAR International University (Main Campus),2027,September
Diploma,Diploma in Psychology - Online,UNITAR International University (Main Campus),2026,May
Diploma,Diploma in Psychology - Online,UNITAR International University (Main Campus),2026,September
Diploma,Diploma in Psychology - Online,UNITAR International University (Main Campus),2027,January
Diploma,Diploma in Psychology - Online,UNITAR International University (Main Campus),2027,May
Diploma,Diploma in Psychology - Online,UNITAR International University (Main Campus),2027,September
Doctorate,Doctor of Business Administration - Online,UNITAR International University (Main Campus),2026,May
Doctorate,Doctor of Business Administration - Online,UNITAR International University (Main Campus),2026,September
Doctorate,Doctor of Business Administration - Online,UNITAR International University (Main Campus),2027,January
Doctorate,Doctor of Business Administration - Online,UNITAR International University (Main Campus),2027,May
Doctorate,Doctor of Business Administration - Online,UNITAR International University (Main Campus),2027,September
Doctorate,Doctor of Education - Online,UNITAR International University (Main Campus),2026,May
Doctorate,Doctor of Education - Online,UNITAR International University (Main Campus),2026,September
Doctorate,Doctor of Education - Online,UNITAR International University (Main Campus),2027,January
Doctorate,Doctor of Education - Online,UNITAR International University (Main Campus),2027,May
Doctorate,Doctor of Education - Online,UNITAR International University (Main Campus),2027,September
Diploma,Diploma in Business Management,UNITAR University College Kuala Lumpur,2026,May
Diploma,Diploma in Business Management,UNITAR University College Kuala Lumpur,2026,September
Diploma,Diploma in Business Management,UNITAR University College Kuala Lumpur,2027,January
Diploma,Diploma in Business Management,UNITAR University College Kuala Lumpur,2027,May
Diploma,Diploma in Business Management,UNITAR University College Kuala Lumpur,2027,September
Diploma,Diploma in Hotel Management,UNITAR University College Kuala Lumpur,2026,May
Diploma,Diploma in Hotel Management,UNITAR University College Kuala Lumpur,2026,September
Diploma,Diploma in Hotel Management,UNITAR University College Kuala Lumpur,2027,January
Diploma,Diploma in Hotel Management,UNITAR University College Kuala Lumpur,2027,May
Diploma,Diploma in Hotel Management,UNITAR University College Kuala Lumpur,2027,September
Diploma,Diploma in Human Resource Management,UNITAR University College Kuala Lumpur,2026,May
Diploma,Diploma in Human Resource Management,UNITAR University College Kuala Lumpur,2026,September
Diploma,Diploma in Human Resource Management,UNITAR University College Kuala Lumpur,2027,January
Diploma,Diploma in Human Resource Management,UNITAR University College Kuala Lumpur,2027,May
Diploma,Diploma in Human Resource Management,UNITAR University College Kuala Lumpur,2027,September
Diploma,Diploma in Logistics & Supply Chain Management,UNITAR University College Kuala Lumpur,2026,May
Diploma,Diploma in Logistics & Supply Chain Management,UNITAR University College Kuala Lumpur,2026,September
Diploma,Diploma in Logistics & Supply Chain Management,UNITAR University College Kuala Lumpur,2027,January
Diploma,Diploma in Logistics & Supply Chain Management,UNITAR University College Kuala Lumpur,2027,May
Diploma,Diploma in Logistics & Supply Chain Management,UNITAR University College Kuala Lumpur,2027,September
Doctorate,Doctor of Philosophy in Business Administration,UNITAR International University (Main Campus),2026,May
Doctorate,Doctor of Philosophy in Business Administration,UNITAR International University (Main Campus),2026,September
Doctorate,Doctor of Philosophy in Business Administration,UNITAR International University (Main Campus),2027,January
Doctorate,Doctor of Philosophy in Business Administration,UNITAR International University (Main Campus),2027,May
Doctorate,Doctor of Philosophy in Business Administration,UNITAR International University (Main Campus),2027,September
Doctorate,Doctor of Philosophy in Education,UNITAR International University (Main Campus),2026,May
Doctorate,Doctor of Philosophy in Education,UNITAR International University (Main Campus),2026,September
Doctorate,Doctor of Philosophy in Education,UNITAR International University (Main Campus),2027,January
Doctorate,Doctor of Philosophy in Education,UNITAR International University (Main Campus),2027,May
Doctorate,Doctor of Philosophy in Education,UNITAR International University (Main Campus),2027,September
Doctorate,Doctor of Philosophy in Management,UNITAR International University (Main Campus),2026,May
Doctorate,Doctor of Philosophy in Management,UNITAR International University (Main Campus),2026,September
Doctorate,Doctor of Philosophy in Management,UNITAR International University (Main Campus),2027,January
Doctorate,Doctor of Philosophy in Management,UNITAR International University (Main Campus),2027,May
Doctorate,Doctor of Philosophy in Management,UNITAR International University (Main Campus),2027,September
Doctorate,Doctor of Philosophy Information Technology,UNITAR International University (Main Campus),2026,May
Doctorate,Doctor of Philosophy Information Technology,UNITAR International University (Main Campus),2026,September
Doctorate,Doctor of Philosophy Information Technology,UNITAR International University (Main Campus),2027,January
Doctorate,Doctor of Philosophy Information Technology,UNITAR International University (Main Campus),2027,May
Doctorate,Doctor of Philosophy Information Technology,UNITAR International University (Main Campus),2027,September
Doctorate,Doctor of Philosophy in Management,UNITAR University College Kuala Lumpur,2026,May
Doctorate,Doctor of Philosophy in Management,UNITAR University College Kuala Lumpur,2026,September
Doctorate,Doctor of Philosophy in Management,UNITAR University College Kuala Lumpur,2027,January
Doctorate,Doctor of Philosophy in Management,UNITAR University College Kuala Lumpur,2027,May
Doctorate,Doctor of Philosophy in Management,UNITAR University College Kuala Lumpur,2027,September
Doctorate,Doctor of Philosophy Information Technology - Online,UNITAR International University (Main Campus),2026,May
Doctorate,Doctor of Philosophy Information Technology - Online,UNITAR International University (Main Campus),2026,September
Doctorate,Doctor of Philosophy Information Technology - Online,UNITAR International University (Main Campus),2027,January
Doctorate,Doctor of Philosophy Information Technology - Online,UNITAR International University (Main Campus),2027,May
Doctorate,Doctor of Philosophy Information Technology - Online,UNITAR International University (Main Campus),2027,September
Foundation,Foundation in Arts,UNITAR International University (Main Campus),2026,May
Foundation,Foundation in Arts,UNITAR International University (Main Campus),2026,September
Foundation,Foundation in Arts,UNITAR International University (Main Campus),2027,January
Foundation,Foundation in Arts,UNITAR International University (Main Campus),2027,May
Foundation,Foundation in Arts,UNITAR International University (Main Campus),2027,September
Foundation,Foundation in Arts - Online,UNITAR International University (Main Campus),2026,May
Foundation,Foundation in Arts - Online,UNITAR International University (Main Campus),2026,September
Foundation,Foundation in Arts - Online,UNITAR International University (Main Campus),2027,January
Foundation,Foundation in Arts - Online,UNITAR International University (Main Campus),2027,May
Foundation,Foundation in Arts - Online,UNITAR International University (Main Campus),2027,September
Foundation,Foundation in Arts,Pusat Wilayah UNITAR International University Kuala Terengganu,2026,May
Foundation,Foundation in Arts,Pusat Wilayah UNITAR International University Kuala Terengganu,2026,September
Foundation,Foundation in Arts,Pusat Wilayah UNITAR International University Kuala Terengganu,2027,January
Foundation,Foundation in Arts,Pusat Wilayah UNITAR International University Kuala Terengganu,2027,May
Foundation,Foundation in Arts,Pusat Wilayah UNITAR International University Kuala Terengganu,2027,September
Foundation,Foundation in Arts,Pusat Wilayah UNITAR International University Kuantan,2026,May
Foundation,Foundation in Arts,Pusat Wilayah UNITAR International University Kuantan,2026,September
Foundation,Foundation in Arts,Pusat Wilayah UNITAR International University Kuantan,2027,January
Foundation,Foundation in Arts,Pusat Wilayah UNITAR International University Kuantan,2027,May
Foundation,Foundation in Arts,Pusat Wilayah UNITAR International University Kuantan,2027,September
Foundation,Foundation in Arts,Pusat Wilayah UNITAR International University Melaka,2026,May
Foundation,Foundation in Arts,Pusat Wilayah UNITAR International University Melaka,2026,September
Foundation,Foundation in Arts,Pusat Wilayah UNITAR International University Melaka,2027,January
Foundation,Foundation in Arts,Pusat Wilayah UNITAR International University Melaka,2027,May
Foundation,Foundation in Arts,Pusat Wilayah UNITAR International University Melaka,2027,September
Master,Master of Business Administration,UNITAR University College Kuala Lumpur,2026,May
Master,Master of Business Administration,UNITAR University College Kuala Lumpur,2026,September
Master,Master of Business Administration,UNITAR University College Kuala Lumpur,2027,January
Master,Master of Business Administration,UNITAR University College Kuala Lumpur,2027,May
Master,Master of Business Administration,UNITAR University College Kuala Lumpur,2027,September
Master,Master of Business Administration - Online,UNITAR University College Kuala Lumpur,2026,May
Master,Master of Business Administration - Online,UNITAR University College Kuala Lumpur,2026,September
Master,Master of Business Administration - Online,UNITAR University College Kuala Lumpur,2027,January
Master,Master of Business Administration - Online,UNITAR University College Kuala Lumpur,2027,May
Master,Master of Business Administration - Online,UNITAR University College Kuala Lumpur,2027,September
Foundation,Foundation in Arts,Pusat Wilayah UNITAR International University Ipoh,2026,May
Foundation,Foundation in Arts,Pusat Wilayah UNITAR International University Ipoh,2026,September
Foundation,Foundation in Arts,Pusat Wilayah UNITAR International University Ipoh,2027,January
Foundation,Foundation in Arts,Pusat Wilayah UNITAR International University Ipoh,2027,May
Foundation,Foundation in Arts,Pusat Wilayah UNITAR International University Ipoh,2027,September
Foundation,Foundation in Arts,Pusat Wilayah UNITAR International University Kuching,2026,May
Foundation,Foundation in Arts,Pusat Wilayah UNITAR International University Kuching,2026,September
Foundation,Foundation in Arts,Pusat Wilayah UNITAR International University Kuching,2027,January
Foundation,Foundation in Arts,Pusat Wilayah UNITAR International University Kuching,2027,May
Foundation,Foundation in Arts,Pusat Wilayah UNITAR International University Kuching,2027,September
Foundation,Foundation in Arts,Pusat Wilayah UNITAR International University Kota Kinabalu,2026,May
Foundation,Foundation in Arts,Pusat Wilayah UNITAR International University Kota Kinabalu,2026,September
Foundation,Foundation in Arts,Pusat Wilayah UNITAR International University Kota Kinabalu,2027,January
Foundation,Foundation in Arts,Pusat Wilayah UNITAR International University Kota Kinabalu,2027,May
Foundation,Foundation in Arts,Pusat Wilayah UNITAR International University Kota Kinabalu,2027,September
Foundation,Foundation in Information Technology,UNITAR International University (Main Campus),2026,May
Foundation,Foundation in Information Technology,UNITAR International University (Main Campus),2026,September
Foundation,Foundation in Information Technology,UNITAR International University (Main Campus),2027,January
Foundation,Foundation in Information Technology,UNITAR International University (Main Campus),2027,May
Foundation,Foundation in Information Technology,UNITAR International University (Main Campus),2027,September
Foundation,Foundation in Information Technology - Online,UNITAR International University (Main Campus),2026,May
Foundation,Foundation in Information Technology - Online,UNITAR International University (Main Campus),2026,September
Foundation,Foundation in Information Technology - Online,UNITAR International University (Main Campus),2027,January
Foundation,Foundation in Information Technology - Online,UNITAR International University (Main Campus),2027,May
Foundation,Foundation in Information Technology - Online,UNITAR International University (Main Campus),2027,September
Foundation,Foundation in Management,Pusat Wilayah UNITAR International University Kuala Terengganu,2026,May
Foundation,Foundation in Management,Pusat Wilayah UNITAR International University Kuala Terengganu,2026,September
Foundation,Foundation in Management,Pusat Wilayah UNITAR International University Kuala Terengganu,2027,January
Foundation,Foundation in Management,Pusat Wilayah UNITAR International University Kuala Terengganu,2027,May
Foundation,Foundation in Management,Pusat Wilayah UNITAR International University Kuala Terengganu,2027,September
Foundation,Foundation in Management,Pusat Wilayah UNITAR International University Kuantan,2026,May
Foundation,Foundation in Management,Pusat Wilayah UNITAR International University Kuantan,2026,September
Foundation,Foundation in Management,Pusat Wilayah UNITAR International University Kuantan,2027,January
Foundation,Foundation in Management,Pusat Wilayah UNITAR International University Kuantan,2027,May
Foundation,Foundation in Management,Pusat Wilayah UNITAR International University Kuantan,2027,September
Foundation,Foundation in Management,Pusat Wilayah UNITAR International University Melaka,2026,May
Foundation,Foundation in Management,Pusat Wilayah UNITAR International University Melaka,2026,September
Foundation,Foundation in Management,Pusat Wilayah UNITAR International University Melaka,2027,January
Foundation,Foundation in Management,Pusat Wilayah UNITAR International University Melaka,2027,May
Foundation,Foundation in Management,Pusat Wilayah UNITAR International University Melaka,2027,September
Foundation,Foundation in Management,UNITAR International University (Main Campus),2026,May
Foundation,Foundation in Management,UNITAR International University (Main Campus),2026,September
Foundation,Foundation in Management,UNITAR International University (Main Campus),2027,January
Foundation,Foundation in Management,UNITAR International University (Main Campus),2027,May
Foundation,Foundation in Management,UNITAR International University (Main Campus),2027,September
Certificate,Certificate in Art & Design,UNITAR College Kelana Jaya,2026,May
Certificate,Certificate in Art & Design,UNITAR College Kelana Jaya,2026,September
Certificate,Certificate in Art & Design,UNITAR College Kelana Jaya,2027,January
Certificate,Certificate in Art & Design,UNITAR College Kelana Jaya,2027,May
Certificate,Certificate in Art & Design,UNITAR College Kelana Jaya,2027,September
Certificate,Certificate in Business Studies,UNITAR College Kelana Jaya,2026,May
Certificate,Certificate in Business Studies,UNITAR College Kelana Jaya,2026,September
Certificate,Certificate in Business Studies,UNITAR College Kelana Jaya,2027,January
Certificate,Certificate in Business Studies,UNITAR College Kelana Jaya,2027,May
Certificate,Certificate in Business Studies,UNITAR College Kelana Jaya,2027,September
Certificate,Certificate in Business Studies - Online,UNITAR College Kelana Jaya,2026,May
Certificate,Certificate in Business Studies - Online,UNITAR College Kelana Jaya,2026,September
Certificate,Certificate in Business Studies - Online,UNITAR College Kelana Jaya,2027,January
Certificate,Certificate in Business Studies - Online,UNITAR College Kelana Jaya,2027,May
Certificate,Certificate in Business Studies - Online,UNITAR College Kelana Jaya,2027,September
Foundation,Foundation in Management - Online,UNITAR International University (Main Campus),2026,May
Foundation,Foundation in Management - Online,UNITAR International University (Main Campus),2026,September
Foundation,Foundation in Management - Online,UNITAR International University (Main Campus),2027,January
Foundation,Foundation in Management - Online,UNITAR International University (Main Campus),2027,May
Foundation,Foundation in Management - Online,UNITAR International University (Main Campus),2027,September
Foundation,Foundation in Management,Pusat Wilayah UNITAR International University Ipoh,2026,May
Foundation,Foundation in Management,Pusat Wilayah UNITAR International University Ipoh,2026,September
Foundation,Foundation in Management,Pusat Wilayah UNITAR International University Ipoh,2027,January
Foundation,Foundation in Management,Pusat Wilayah UNITAR International University Ipoh,2027,May
Foundation,Foundation in Management,Pusat Wilayah UNITAR International University Ipoh,2027,September
Foundation,Foundation in Management,Pusat Wilayah UNITAR International University Kuching,2026,May
Foundation,Foundation in Management,Pusat Wilayah UNITAR International University Kuching,2026,September
Foundation,Foundation in Management,Pusat Wilayah UNITAR International University Kuching,2027,January
Foundation,Foundation in Management,Pusat Wilayah UNITAR International University Kuching,2027,May
Foundation,Foundation in Management,Pusat Wilayah UNITAR International University Kuching,2027,September
Master,Master in Applied Artificial Intelligence - Online,UNITAR International University (Main Campus),2026,May
Master,Master in Applied Artificial Intelligence - Online,UNITAR International University (Main Campus),2026,September
Master,Master in Applied Artificial Intelligence - Online,UNITAR International University (Main Campus),2027,January
Master,Master in Applied Artificial Intelligence - Online,UNITAR International University (Main Campus),2027,May
Master,Master in Applied Artificial Intelligence - Online,UNITAR International University (Main Campus),2027,September
Master,Master in Applied Artificial Intelligence,UNITAR International University (Main Campus),2026,May
Master,Master in Applied Artificial Intelligence,UNITAR International University (Main Campus),2026,September
Master,Master in Applied Artificial Intelligence,UNITAR International University (Main Campus),2027,January
Master,Master in Applied Artificial Intelligence,UNITAR International University (Main Campus),2027,May
Master,Master in Applied Artificial Intelligence,UNITAR International University (Main Campus),2027,September
Master,Master of Business Administration - Online,UNITAR International University (Main Campus),2026,May
Master,Master of Business Administration - Online,UNITAR International University (Main Campus),2026,September
Master,Master of Business Administration - Online,UNITAR International University (Main Campus),2027,January
Master,Master of Business Administration - Online,UNITAR International University (Main Campus),2027,May
Master,Master of Business Administration - Online,UNITAR International University (Main Campus),2027,September
Master,Master of Computing,UNITAR International University (Main Campus),2026,May
Master,Master of Computing,UNITAR International University (Main Campus),2026,September
Master,Master of Computing,UNITAR International University (Main Campus),2027,January
Master,Master of Computing,UNITAR International University (Main Campus),2027,May
Master,Master of Computing,UNITAR International University (Main Campus),2027,September
Master,Master of Education,UNITAR International University (Main Campus),2026,May
Master,Master of Education,UNITAR International University (Main Campus),2026,September
Master,Master of Education,UNITAR International University (Main Campus),2027,January
Master,Master of Education,UNITAR International University (Main Campus),2027,May
Master,Master of Education,UNITAR International University (Main Campus),2027,September
Master,Master of Education (Early Childhood Education) - Online,UNITAR International University (Main Campus),2026,May
Master,Master of Education (Early Childhood Education) - Online,UNITAR International University (Main Campus),2026,September
Master,Master of Education (Early Childhood Education) - Online,UNITAR International University (Main Campus),2027,January
Master,Master of Education (Early Childhood Education) - Online,UNITAR International University (Main Campus),2027,May
Master,Master of Education (Early Childhood Education) - Online,UNITAR International University (Main Campus),2027,September
Master,Master of Education (Educational Leadership and Management),UNITAR International University (Main Campus),2026,May
Master,Master of Education (Educational Leadership and Management),UNITAR International University (Main Campus),2026,September
Master,Master of Education (Educational Leadership and Management),UNITAR International University (Main Campus),2027,January
Master,Master of Education (Educational Leadership and Management),UNITAR International University (Main Campus),2027,May
Master,Master of Education (Educational Leadership and Management),UNITAR International University (Main Campus),2027,September
Master,Master of Education (Educational Leadership and Management) - Online,UNITAR International University (Main Campus),2026,May
Master,Master of Education (Educational Leadership and Management) - Online,UNITAR International University (Main Campus),2026,September
Master,Master of Education (Educational Leadership and Management) - Online,UNITAR International University (Main Campus),2027,January
Master,Master of Education (Educational Leadership and Management) - Online,UNITAR International University (Main Campus),2027,May
Master,Master of Education (Educational Leadership and Management) - Online,UNITAR International University (Main Campus),2027,September
Master,Master of Education (Instructional Technology),UNITAR International University (Main Campus),2026,May
Master,Master of Education (Instructional Technology),UNITAR International University (Main Campus),2026,September
Master,Master of Education (Instructional Technology),UNITAR International University (Main Campus),2027,January
Master,Master of Education (Instructional Technology),UNITAR International University (Main Campus),2027,May
Master,Master of Education (Instructional Technology),UNITAR International University (Main Campus),2027,September
Master,Master of Education (Instructional Technology) - Online,UNITAR International University (Main Campus),2026,May
Master,Master of Education (Instructional Technology) - Online,UNITAR International University (Main Campus),2026,September
Master,Master of Education (Instructional Technology) - Online,UNITAR International University (Main Campus),2027,January
Master,Master of Education (Instructional Technology) - Online,UNITAR International University (Main Campus),2027,May
Master,Master of Education (Instructional Technology) - Online,UNITAR International University (Main Campus),2027,September
Certificate,Certificate in Business Management,UNITAR College Penang,2026,May
Certificate,Certificate in Business Management,UNITAR College Penang,2026,September
Certificate,Certificate in Business Management,UNITAR College Penang,2027,January
Certificate,Certificate in Business Management,UNITAR College Penang,2027,May
Certificate,Certificate in Business Management,UNITAR College Penang,2027,September
Certificate,Certificate in Business Management,UNITAR College Sungai Petani,2026,May
Certificate,Certificate in Business Management,UNITAR College Sungai Petani,2026,September
Certificate,Certificate in Business Management,UNITAR College Sungai Petani,2027,January
Certificate,Certificate in Business Management,UNITAR College Sungai Petani,2027,May
Certificate,Certificate in Business Management,UNITAR College Sungai Petani,2027,September
Master,Master of Education (Teaching of English as a Second Language) - Online,UNITAR International University (Main Campus),2026,May
Master,Master of Education (Teaching of English as a Second Language) - Online,UNITAR International University (Main Campus),2026,September
Master,Master of Education (Teaching of English as a Second Language) - Online,UNITAR International University (Main Campus),2027,January
Master,Master of Education (Teaching of English as a Second Language) - Online,UNITAR International University (Main Campus),2027,May
Master,Master of Education (Teaching of English as a Second Language) - Online,UNITAR International University (Main Campus),2027,September
Diploma,Diploma in Computer Graphic Design,UNITAR College Penang,2026,May
Diploma,Diploma in Computer Graphic Design,UNITAR College Penang,2026,September
Diploma,Diploma in Computer Graphic Design,UNITAR College Penang,2027,January
Diploma,Diploma in Computer Graphic Design,UNITAR College Penang,2027,May
Diploma,Diploma in Computer Graphic Design,UNITAR College Penang,2027,September
Diploma,Diploma in Business Management,UNITAR College Sungai Petani,2026,May
Diploma,Diploma in Business Management,UNITAR College Sungai Petani,2026,September
Diploma,Diploma in Business Management,UNITAR College Sungai Petani,2027,January
Diploma,Diploma in Business Management,UNITAR College Sungai Petani,2027,May
Diploma,Diploma in Business Management,UNITAR College Sungai Petani,2027,September
Master,Master of Information Technology,UNITAR International University (Main Campus),2026,May
Master,Master of Information Technology,UNITAR International University (Main Campus),2026,September
Master,Master of Information Technology,UNITAR International University (Main Campus),2027,January
Master,Master of Information Technology,UNITAR International University (Main Campus),2027,May
Master,Master of Information Technology,UNITAR International University (Main Campus),2027,September
Master,Master of Information Technology - Online,UNITAR International University (Main Campus),2026,May
Master,Master of Information Technology - Online,UNITAR International University (Main Campus),2026,September
Master,Master of Information Technology - Online,UNITAR International University (Main Campus),2027,January
Master,Master of Information Technology - Online,UNITAR International University (Main Campus),2027,May
Master,Master of Information Technology - Online,UNITAR International University (Main Campus),2027,September
Master,Master of Science in Management,UNITAR International University (Main Campus),2026,May
Master,Master of Science in Management,UNITAR International University (Main Campus),2026,September
Master,Master of Science in Management,UNITAR International University (Main Campus),2027,January
Master,Master of Science in Management,UNITAR International University (Main Campus),2027,May
Master,Master of Science in Management,UNITAR International University (Main Campus),2027,September
Postgraduate Diploma,Post-Graduate Diploma in Education - Online,UNITAR International University (Main Campus),2026,May
Postgraduate Diploma,Post-Graduate Diploma in Education - Online,UNITAR International University (Main Campus),2026,September
Postgraduate Diploma,Post-Graduate Diploma in Education - Online,UNITAR International University (Main Campus),2027,January
Postgraduate Diploma,Post-Graduate Diploma in Education - Online,UNITAR International University (Main Campus),2027,May
Postgraduate Diploma,Post-Graduate Diploma in Education - Online,UNITAR International University (Main Campus),2027,September
Postgraduate Diploma,Post-Graduate Diploma in Education - Online - BM,UNITAR International University (Main Campus),2026,May
Postgraduate Diploma,Post-Graduate Diploma in Education - Online - BM,UNITAR International University (Main Campus),2026,September
Postgraduate Diploma,Post-Graduate Diploma in Education - Online - BM,UNITAR International University (Main Campus),2027,January
Postgraduate Diploma,Post-Graduate Diploma in Education - Online - BM,UNITAR International University (Main Campus),2027,May
Postgraduate Diploma,Post-Graduate Diploma in Education - Online - BM,UNITAR International University (Main Campus),2027,September
Diploma,Diploma in Computer Graphic Design,UNITAR College Sungai Petani,2026,May
Diploma,Diploma in Computer Graphic Design,UNITAR College Sungai Petani,2026,September
Diploma,Diploma in Computer Graphic Design,UNITAR College Sungai Petani,2027,January
Diploma,Diploma in Computer Graphic Design,UNITAR College Sungai Petani,2027,May
Diploma,Diploma in Computer Graphic Design,UNITAR College Sungai Petani,2027,September
Diploma,Diploma in Early Childhood Education,UNITAR College Penang,2026,May
Diploma,Diploma in Early Childhood Education,UNITAR College Penang,2026,September
Diploma,Diploma in Early Childhood Education,UNITAR College Penang,2027,January
Diploma,Diploma in Early Childhood Education,UNITAR College Penang,2027,May
Diploma,Diploma in Early Childhood Education,UNITAR College Penang,2027,September
Diploma,Diploma in Early Childhood Education,UNITAR College Sungai Petani,2026,May
Diploma,Diploma in Early Childhood Education,UNITAR College Sungai Petani,2026,September
Diploma,Diploma in Early Childhood Education,UNITAR College Sungai Petani,2027,January
Diploma,Diploma in Early Childhood Education,UNITAR College Sungai Petani,2027,May
Diploma,Diploma in Early Childhood Education,UNITAR College Sungai Petani,2027,September
Diploma,Diploma in E-Business,UNITAR College Penang,2026,May
Diploma,Diploma in E-Business,UNITAR College Penang,2026,September
Diploma,Diploma in E-Business,UNITAR College Penang,2027,January
Diploma,Diploma in E-Business,UNITAR College Penang,2027,May
Diploma,Diploma in E-Business,UNITAR College Penang,2027,September
Diploma,Diploma in E-Secretaryship,UNITAR College Penang,2026,May
Diploma,Diploma in E-Secretaryship,UNITAR College Penang,2026,September
Diploma,Diploma in E-Secretaryship,UNITAR College Penang,2027,January
Diploma,Diploma in E-Secretaryship,UNITAR College Penang,2027,May
Diploma,Diploma in E-Secretaryship,UNITAR College Penang,2027,September
Diploma,Diploma in E-Business,UNITAR College Sungai Petani,2026,May
Diploma,Diploma in E-Business,UNITAR College Sungai Petani,2026,September
Diploma,Diploma in E-Business,UNITAR College Sungai Petani,2027,January
Diploma,Diploma in E-Business,UNITAR College Sungai Petani,2027,May
Diploma,Diploma in E-Business,UNITAR College Sungai Petani,2027,September
Diploma,Diploma in Information Technology,UNITAR College Penang,2026,May
Diploma,Diploma in Information Technology,UNITAR College Penang,2026,September
Diploma,Diploma in Information Technology,UNITAR College Penang,2027,January
Diploma,Diploma in Information Technology,UNITAR College Penang,2027,May
Diploma,Diploma in Information Technology,UNITAR College Penang,2027,September
Diploma,Diploma in Tourism Management,UNITAR College Penang,2026,May
Diploma,Diploma in Tourism Management,UNITAR College Penang,2026,September
Diploma,Diploma in Tourism Management,UNITAR College Penang,2027,January
Diploma,Diploma in Tourism Management,UNITAR College Penang,2027,May
Diploma,Diploma in Tourism Management,UNITAR College Penang,2027,September
Diploma,Diploma in E-Secretaryship,UNITAR College Sungai Petani,2026,May
Diploma,Diploma in E-Secretaryship,UNITAR College Sungai Petani,2026,September
Diploma,Diploma in E-Secretaryship,UNITAR College Sungai Petani,2027,January
Diploma,Diploma in E-Secretaryship,UNITAR College Sungai Petani,2027,May
Diploma,Diploma in E-Secretaryship,UNITAR College Sungai Petani,2027,September
Diploma,Diploma in Information Technology,UNITAR College Sungai Petani,2026,May
Diploma,Diploma in Information Technology,UNITAR College Sungai Petani,2026,September
Diploma,Diploma in Information Technology,UNITAR College Sungai Petani,2027,January
Diploma,Diploma in Information Technology,UNITAR College Sungai Petani,2027,May
Diploma,Diploma in Information Technology,UNITAR College Sungai Petani,2027,September
